day,platform,dau,gross_revenue,arpdau,pct_payers
2026-01-01,Android,1118,482.79,0.4318,1.88
2026-01-01,iOS,671,231.76,0.3454,3.58
2026-01-02,Android,1238,316.8,0.2559,1.62
2026-01-02,iOS,688,441.77,0.6421,3.34
2026-01-03,Android,1275,214.81,0.1685,1.49
2026-01-03,iOS,693,356.79,0.5148,3.03
2026-01-04,Android,1296,161.91,0.1249,0.69
2026-01-04,iOS,758,115.88,0.1529,1.58
2026-01-05,Android,1350,307.84,0.228,1.19
2026-01-05,iOS,787,78.91,0.1003,1.14
2026-01-06,Android,1421,130.94,0.0921,0.42
2026-01-06,iOS,784,198.92,0.2537,1.02
2026-01-07,Android,1436,200.9,0.1399,0.7
2026-01-07,iOS,830,58.92,0.071,0.96
2026-01-08,Android,1485,1349.08,0.9085,6.13
2026-01-08,iOS,927,1256.17,1.3551,8.85
2026-01-09,Android,1571,1652.06,1.0516,5.79
2026-01-09,iOS,928,1462.01,1.5754,10.24
2026-01-10,Android,1600,414.81,0.2593,1.19
2026-01-10,iOS,905,284.83,0.3147,1.88
2026-01-11,Android,1645,186.84,0.1136,0.97
2026-01-11,iOS,950,548.76,0.5776,2.53
2026-01-12,Android,1686,150.88,0.0895,0.71
2026-01-12,iOS,907,171.81,0.1894,2.09
2026-01-13,Android,1674,288.71,0.1725,1.73
2026-01-13,iOS,920,410.69,0.4464,3.37
2026-01-14,Android,1734,593.65,0.3424,2.02
2026-01-14,iOS,1019,492.66,0.4835,3.34
2026-01-15,Android,1841,691.72,0.3757,1.52
2026-01-15,iOS,1013,439.65,0.434,3.46
2026-01-16,Android,1820,228.75,0.1257,1.37
2026-01-16,iOS,1063,270.76,0.2547,2.26
2026-01-17,Android,1791,303.72,0.1696,1.56
2026-01-17,iOS,1060,508.6,0.4798,3.77
2026-01-18,Android,1883,515.65,0.2738,1.86
2026-01-18,iOS,1119,645.66,0.577,3.04
2026-01-19,Android,1835,210.84,0.1149,0.87
2026-01-19,iOS,1080,58.93,0.0546,0.65
2026-01-20,Android,1949,139.9,0.0718,0.51
2026-01-20,iOS,1079,403.81,0.3742,1.76
2026-01-21,Android,1956,131.85,0.0674,0.77
2026-01-21,iOS,1139,262.74,0.2307,2.28
2026-01-22,Android,2065,522.76,0.2532,1.16
2026-01-22,iOS,1129,215.73,0.1911,2.39
2026-01-23,Android,2015,1155.97,0.5737,4.96
2026-01-23,iOS,1157,1268.95,1.0968,8.47
2026-01-24,Android,2147,1485.86,0.6921,5.26
2026-01-24,iOS,1177,1305.93,1.1095,8.75
2026-01-25,Android,2065,243.79,0.1181,1.02
2026-01-25,iOS,1139,618.81,0.5433,1.67
2026-01-26,Android,2110,361.77,0.1715,1.09
2026-01-26,iOS,1168,276.79,0.237,1.8
2026-01-27,Android,2169,489.65,0.2257,1.61
2026-01-27,iOS,1173,332.76,0.2837,2.05
2026-01-28,Android,2125,809.63,0.381,1.74
2026-01-28,iOS,1263,644.55,0.5103,3.56
2026-01-29,Android,2109,327.69,0.1554,1.47
2026-01-29,iOS,1260,763.61,0.606,3.1
2026-01-30,Android,2198,521.59,0.2373,1.87
2026-01-30,iOS,1226,468.58,0.3822,3.43
2026-01-31,Android,2198,799.56,0.3638,2.0
2026-01-31,iOS,1295,259.66,0.2005,2.63
2026-02-01,Android,2218,526.6,0.2374,1.8
2026-02-01,iOS,1234,487.61,0.3951,3.16
2026-02-02,Android,2292,674.58,0.2943,1.83
2026-02-02,iOS,1283,485.61,0.3785,3.04
2026-02-03,Android,2281,143.83,0.0631,0.75
2026-02-03,iOS,1316,127.87,0.0972,0.99
2026-02-04,Android,2274,441.74,0.1943,1.14
2026-02-04,iOS,1295,621.76,0.4801,1.85
2026-02-05,Android,2380,178.84,0.0751,0.67
2026-02-05,iOS,1396,181.85,0.1303,1.07
2026-02-06,Android,2352,183.81,0.0782,0.81
2026-02-06,iOS,1390,331.73,0.2387,1.94
2026-02-07,Android,2431,1833.72,0.7543,5.14
2026-02-07,iOS,1438,2580.55,1.7945,9.87
2026-02-08,Android,2468,1878.77,0.7613,4.9
2026-02-08,iOS,1512,2504.48,1.6564,9.99
2026-02-09,Android,2429,613.69,0.2527,1.28
2026-02-09,iOS,1417,551.66,0.3893,2.4
2026-02-10,Android,2423,432.77,0.1786,0.95
2026-02-10,iOS,1432,439.72,0.3071,1.96
2026-02-11,Android,2497,230.8,0.0924,0.8
2026-02-11,iOS,1422,603.63,0.4245,2.6
2026-02-12,Android,2537,603.63,0.2379,1.46
2026-02-12,iOS,1423,684.52,0.481,3.37
2026-02-13,Android,2470,871.61,0.3529,1.58
2026-02-13,iOS,1580,483.61,0.3061,2.47
2026-02-14,Android,2639,738.51,0.2798,1.86
2026-02-14,iOS,1475,705.46,0.4783,3.66
2026-02-15,Android,2555,891.43,0.3489,2.23
2026-02-15,iOS,1548,964.41,0.623,3.81
2026-02-16,Android,2615,543.6,0.2079,1.53
2026-02-16,iOS,1486,722.47,0.4862,3.57
2026-02-17,Android,2653,460.54,0.1736,1.73
2026-02-17,iOS,1516,806.39,0.5319,4.02
2026-02-18,Android,2593,258.78,0.0998,0.85
2026-02-18,iOS,1494,399.77,0.2676,1.54
2026-02-19,Android,2641,241.83,0.0916,0.64
2026-02-19,iOS,1521,298.74,0.1964,1.71
2026-02-20,Android,2587,418.79,0.1619,0.81
2026-02-20,iOS,1564,491.77,0.3144,1.47
2026-02-21,Android,2699,250.8,0.0929,0.74
2026-02-21,iOS,1530,181.83,0.1188,1.11
2026-02-22,Android,2801,2609.23,0.9315,6.21
2026-02-22,iOS,1625,1950.58,1.2004,8.37
2026-02-23,Android,2769,2025.43,0.7315,5.49
2026-02-23,iOS,1696,2646.42,1.5604,9.26
2026-02-24,Android,2783,317.7,0.1142,1.08
2026-02-24,iOS,1644,276.69,0.1683,1.89
2026-02-25,Android,2943,190.72,0.0648,0.95
2026-02-25,iOS,1576,196.76,0.1248,1.52
2026-02-26,Android,2877,426.7,0.1483,1.04
2026-02-26,iOS,1667,441.66,0.2649,2.04
2026-02-27,Android,2948,568.45,0.1928,1.87
2026-02-27,iOS,1628,1048.47,0.644,3.26
2026-02-28,Android,2971,969.46,0.3263,1.82
2026-02-28,iOS,1662,984.38,0.5923,3.73
2026-03-01,Android,3055,850.44,0.2784,1.83
2026-03-01,iOS,1631,757.5,0.4644,3.07
2026-03-02,Android,3157,766.41,0.2428,1.87
2026-03-02,iOS,1674,642.47,0.3838,3.17
2026-03-03,Android,3231,717.35,0.222,2.01
2026-03-03,iOS,1711,551.58,0.3224,2.45
2026-03-04,Android,3135,410.5,0.1309,1.59
2026-03-04,iOS,1656,1062.4,0.6415,3.62
2026-03-05,Android,3271,680.7,0.2081,0.92
2026-03-05,iOS,1714,278.76,0.1626,1.4
2026-03-06,Android,3243,227.75,0.0702,0.77
2026-03-06,iOS,1730,399.76,0.2311,1.39
2026-03-07,Android,3331,130.82,0.0393,0.54
2026-03-07,iOS,1768,381.79,0.2159,1.19
2026-03-08,Android,3413,215.77,0.0632,0.67
2026-03-08,iOS,1809,725.57,0.4011,2.38
2026-03-09,Android,3459,2707.27,0.7827,4.86
2026-03-09,iOS,1899,3343.12,1.7605,9.64
2026-03-10,Android,3755,2876.16,0.766,4.85
2026-03-10,iOS,1938,2913.97,1.5036,10.27
2026-03-11,Android,3633,666.62,0.1835,1.05
2026-03-11,iOS,1871,817.55,0.437,2.41
2026-03-12,Android,3626,349.68,0.0964,0.88
2026-03-12,iOS,1846,588.55,0.3188,2.44
2026-03-13,Android,3721,463.65,0.1246,0.94
2026-03-13,iOS,1835,518.56,0.2826,2.4
2026-03-14,Android,3779,1018.42,0.2695,1.53
2026-03-14,iOS,1905,871.29,0.4574,3.73
2026-03-15,Android,4003,652.45,0.163,1.37
2026-03-15,iOS,1965,1012.27,0.5152,3.72
2026-03-16,Android,3946,980.31,0.2484,1.75
2026-03-16,iOS,1895,917.32,0.4841,3.59
2026-03-17,Android,3985,1231.3,0.309,1.76
2026-03-17,iOS,1951,781.39,0.4005,3.13
2026-03-18,Android,4211,896.47,0.2129,1.26
2026-03-18,iOS,1979,1137.32,0.5747,3.44
2026-03-19,Android,4191,737.48,0.176,1.24
2026-03-19,iOS,1930,690.42,0.3577,3.01
2026-03-20,Android,4213,423.7,0.1006,0.71
2026-03-20,iOS,1980,531.76,0.2686,1.21
2026-03-21,Android,4372,396.74,0.0907,0.59
2026-03-21,iOS,2036,556.61,0.2734,1.92
2026-03-22,Android,4528,191.82,0.0424,0.4
2026-03-22,iOS,2054,918.61,0.4472,1.9
2026-03-23,Android,4611,368.72,0.08,0.61
2026-03-23,iOS,2110,432.68,0.2051,1.52
2026-03-24,Android,4702,3558.58,0.7568,5.02
2026-03-24,iOS,2199,3144.77,1.4301,10.0
2026-03-25,Android,4865,3263.51,0.6708,4.95
2026-03-25,iOS,2235,2184.13,0.9772,8.05
2026-03-26,Android,4732,931.55,0.1969,0.95
2026-03-26,iOS,2114,570.66,0.2699,1.61
2026-03-27,Android,4896,417.56,0.0853,0.9
2026-03-27,iOS,2034,616.59,0.3031,2.02
2026-03-28,Android,5031,661.52,0.1315,0.95
2026-03-28,iOS,2165,624.55,0.2885,2.08
2026-03-29,Android,5022,1214.07,0.2418,1.85
2026-03-29,iOS,2165,965.21,0.4458,3.65
2026-03-30,Android,5115,1091.23,0.2133,1.51
2026-03-30,iOS,2118,1677.12,0.7918,4.15
2026-03-31,Android,5267,1212.23,0.2302,1.46
2026-03-31,iOS,2184,1045.36,0.4786,2.93
2026-04-01,Android,5367,1383.14,0.2577,1.6
2026-04-01,iOS,2145,713.49,0.3326,2.38
2026-04-02,Android,5454,1046.24,0.1918,1.39
2026-04-02,iOS,2226,757.31,0.3402,3.1
2026-04-03,Android,5521,927.29,0.168,1.29
2026-04-03,iOS,2211,764.27,0.3457,3.3
2026-04-04,Android,5708,711.61,0.1247,0.68
2026-04-04,iOS,2304,698.64,0.3032,1.56
2026-04-05,Android,5795,390.61,0.0674,0.67
2026-04-05,iOS,2310,436.64,0.189,1.56
2026-04-06,Android,5935,523.59,0.0882,0.69
2026-04-06,iOS,2363,343.7,0.1455,1.27
2026-04-07,Android,6031,756.64,0.1255,0.6
2026-04-07,iOS,2296,391.75,0.1706,1.09
2026-04-08,Android,6254,3735.44,0.5973,3.98
2026-04-08,iOS,2518,3490.62,1.3863,9.21
2026-04-09,Android,6266,3869.18,0.6175,4.4
2026-04-09,iOS,2494,3042.62,1.22,9.38
2026-04-10,Android,6183,948.43,0.1534,0.92
2026-04-10,iOS,2465,571.58,0.2319,1.7
2026-04-11,Android,6218,916.23,0.1474,1.24
2026-04-11,iOS,2478,510.51,0.206,1.98
2026-04-12,Android,6538,869.32,0.133,1.04
2026-04-12,iOS,2520,606.43,0.2406,2.22
2026-04-13,Android,6734,1964.95,0.2918,1.56
2026-04-13,iOS,2446,951.19,0.3889,3.31
2026-04-14,Android,6716,1483.03,0.2208,1.44
2026-04-14,iOS,2585,1167.12,0.4515,3.4
2026-04-15,Android,6840,1234.02,0.1804,1.43
2026-04-15,iOS,2582,972.14,0.3765,3.33
2026-04-16,Android,7062,1421.94,0.2014,1.5
2026-04-16,iOS,2524,1746.01,0.6918,3.92
2026-04-17,Android,6978,1863.89,0.2671,1.59
2026-04-17,iOS,2603,1220.24,0.4688,2.92
2026-04-18,Android,7160,1674.91,0.2339,1.52
2026-04-18,iOS,2705,1374.07,0.508,3.44
2026-04-19,Android,7245,836.51,0.1155,0.68
2026-04-19,iOS,2661,236.76,0.089,0.9
2026-04-20,Android,7390,609.63,0.0825,0.5
2026-04-20,iOS,2598,550.54,0.2119,1.77
2026-04-21,Android,7426,750.55,0.1011,0.61
2026-04-21,iOS,2592,395.59,0.1526,1.58
2026-04-22,Android,7515,748.52,0.0996,0.64
2026-04-22,iOS,2635,868.51,0.3296,1.86
2026-04-23,Android,7699,5547.31,0.7205,4.7
2026-04-23,iOS,2784,3831.21,1.3762,9.73
2026-04-24,Android,7898,5088.28,0.6442,4.65
2026-04-24,iOS,2919,3667.21,1.2563,9.56
2026-04-25,Android,7717,1457.14,0.1888,1.11
2026-04-25,iOS,2736,826.44,0.3021,2.05
2026-04-26,Android,7886,1143.21,0.145,1.0
2026-04-26,iOS,2788,951.4,0.3412,2.15
2026-04-27,Android,8035,743.41,0.0925,0.73
2026-04-27,iOS,2792,824.29,0.2952,2.54
2026-04-28,Android,8143,2055.75,0.2525,1.54
2026-04-28,iOS,2749,1259.14,0.458,3.13
2026-04-29,Android,8224,1701.72,0.2069,1.56
2026-04-29,iOS,2870,1533.95,0.5345,3.66
2026-04-30,Android,8237,1475.89,0.1792,1.35
2026-04-30,iOS,2824,1066.17,0.3775,2.94
