install_week,cohort_size,d1_pct,d7_pct,d14_pct,d30_pct
2025-12-29,1187,45.7,24.3,18.6,12.7
2026-01-05,2104,46.6,27.0,19.1,13.7
2026-01-12,2162,47.7,26.1,19.8,15.4
2026-01-19,2143,48.2,24.6,18.5,12.7
2026-01-26,2115,47.4,26.1,21.3,14.8
2026-02-02,2237,47.9,27.0,20.9,14.6
2026-02-09,2172,50.5,25.3,19.8,14.5
2026-02-16,2176,47.3,23.9,19.6,14.5
2026-02-23,2630,47.0,26.6,18.9,14.1
2026-03-02,3109,47.7,24.1,19.5,13.5
2026-03-09,3592,47.4,26.5,19.5,13.1
2026-03-16,4159,47.5,25.1,19.0,13.7
2026-03-23,4764,48.9,24.9,20.0,14.1
2026-03-30,5157,46.2,26.4,19.1,
2026-04-06,5810,48.5,26.0,19.0,
2026-04-13,6262,47.8,24.1,,
2026-04-20,6316,48.0,,,
2026-04-27,3637,,,,
