day,completed_views,dau,views_per_dau
2026-01-01,1292,1789,0.722
2026-01-02,1514,1926,0.786
2026-01-03,1520,1968,0.772
2026-01-04,1504,2054,0.732
2026-01-05,1562,2137,0.731
2026-01-06,1601,2205,0.726
2026-01-07,1764,2266,0.778
2026-01-08,1760,2412,0.73
2026-01-09,1786,2499,0.715
2026-01-10,1891,2505,0.755
2026-01-11,1985,2595,0.765
2026-01-12,1974,2593,0.761
2026-01-13,1898,2594,0.732
2026-01-14,2037,2753,0.74
2026-01-15,2185,2854,0.766
2026-01-16,2161,2883,0.75
2026-01-17,2072,2851,0.727
2026-01-18,2342,3002,0.78
2026-01-19,2187,2915,0.75
2026-01-20,2274,3028,0.751
2026-01-21,2324,3095,0.751
2026-01-22,2357,3194,0.738
2026-01-23,2335,3172,0.736
2026-01-24,2451,3324,0.737
2026-01-25,2418,3204,0.755
2026-01-26,2494,3278,0.761
2026-01-27,2472,3342,0.74
2026-01-28,2576,3388,0.76
2026-01-29,2508,3369,0.744
2026-01-30,2624,3424,0.766
2026-01-31,2635,3493,0.754
2026-02-01,2729,3452,0.791
2026-02-02,2713,3575,0.759
2026-02-03,2661,3597,0.74
2026-02-04,2630,3569,0.737
2026-02-05,2814,3776,0.745
2026-02-06,2752,3742,0.735
2026-02-07,2887,3869,0.746
2026-02-08,2802,3980,0.704
2026-02-09,2870,3846,0.746
2026-02-10,2990,3855,0.776
2026-02-11,3011,3919,0.768
2026-02-12,2987,3960,0.754
2026-02-13,3125,4050,0.772
2026-02-14,3174,4114,0.772
2026-02-15,3164,4103,0.771
2026-02-16,3158,4101,0.77
2026-02-17,3206,4169,0.769
2026-02-18,3135,4087,0.767
2026-02-19,3081,4162,0.74
2026-02-20,3114,4151,0.75
2026-02-21,3263,4229,0.772
2026-02-22,3179,4426,0.718
2026-02-23,3383,4465,0.758
2026-02-24,3357,4427,0.758
2026-02-25,3350,4519,0.741
2026-02-26,3459,4544,0.761
2026-02-27,3507,4576,0.766
2026-02-28,3533,4633,0.763
2026-03-01,3543,4686,0.756
2026-03-02,3750,4831,0.776
2026-03-03,3727,4942,0.754
2026-03-04,3650,4791,0.762
2026-03-05,0,4985,0.0
2026-03-06,0,4973,0.0
2026-03-07,3932,5099,0.771
2026-03-08,4065,5222,0.778
2026-03-09,4144,5358,0.773
2026-03-10,4326,5693,0.76
2026-03-11,4347,5504,0.79
2026-03-12,4268,5472,0.78
2026-03-13,4334,5556,0.78
2026-03-14,4542,5684,0.799
2026-03-15,4718,5968,0.791
2026-03-16,4681,5841,0.801
2026-03-17,4679,5936,0.788
2026-03-18,4956,6190,0.801
2026-03-19,4978,6121,0.813
2026-03-20,4925,6193,0.795
2026-03-21,5085,6408,0.794
2026-03-22,5284,6582,0.803
2026-03-23,5440,6721,0.809
2026-03-24,5360,6901,0.777
2026-03-25,5614,7100,0.791
2026-03-26,5717,6846,0.835
2026-03-27,5586,6930,0.806
2026-03-28,5833,7196,0.811
2026-03-29,5863,7187,0.816
2026-03-30,6043,7233,0.835
2026-03-31,6119,7451,0.821
2026-04-01,6120,7512,0.815
2026-04-02,6352,7680,0.827
2026-04-03,6312,7732,0.816
2026-04-04,6622,8012,0.827
2026-04-05,6839,8105,0.844
2026-04-06,6780,8298,0.817
2026-04-07,6852,8327,0.823
2026-04-08,7282,8772,0.83
2026-04-09,7369,8760,0.841
2026-04-10,7344,8648,0.849
2026-04-11,7305,8696,0.84
2026-04-12,7698,9058,0.85
2026-04-13,7741,9180,0.843
2026-04-14,7964,9301,0.856
2026-04-15,8042,9422,0.854
2026-04-16,8402,9586,0.876
2026-04-17,8268,9581,0.863
2026-04-18,8513,9865,0.863
2026-04-19,8531,9906,0.861
2026-04-20,8690,9988,0.87
2026-04-21,8677,10018,0.866
2026-04-22,8994,10150,0.886
2026-04-23,8706,10483,0.83
2026-04-24,9052,10817,0.837
2026-04-25,9009,10453,0.862
2026-04-26,9103,10674,0.853
2026-04-27,9439,10827,0.872
2026-04-28,9584,10892,0.88
2026-04-29,9749,11094,0.879
2026-04-30,9689,11061,0.876
